429;PRILUKI;5:53;MINSK DRUJNAY;6:32;пн вт ср чт пт
429;PRILUKI;6:24;MINSK DRUJNAY;7:06;пн вт ср чт пт
429;PRILUKI;6:36;MINSK DRUJNAY;7:18;пн вт ср чт пт
429;PRILUKI;6:38;MINSK DRUJNAY;7:12;сб вс
429;PRILUKI;6:45;MINSK DRUJNAY;7:27;пн вт ср чт пт
429;PRILUKI;6:53;MINSK DRUJNAY;7:35;пн вт ср чт пт
429;PRILUKI;7:01;MINSK DRUJNAY;7:43;пн вт ср чт пт
429;PRILUKI;7:11;MINSK DRUJNAY;7:53;пн вт ср чт пт
429;PRILUKI;7:18;MINSK DRUJNAY;7:52;сб вс
429;PRILUKI;7:19;MINSK DRUJNAY;8:01;пн вт ср чт пт
429;PRILUKI;7:27;MINSK DRUJNAY;8:09;пн вт ср чт пт
429;PRILUKI;7:34;MINSK DRUJNAY;8:16;пн вт ср чт пт
429;PRILUKI;7:38;MINSK DRUJNAY;8:12;сб вс
429;PRILUKI;7:48;MINSK DRUJNAY;8:30;пн вт ср чт пт
429;PRILUKI;8:03;MINSK DRUJNAY;8:45;пн вт ср чт пт
429;PRILUKI;8:12;MINSK DRUJNAY;8:54;пн вт ср чт пт
429;PRILUKI;8:15;MINSK DRUJNAY;8:49;сб вс
429;PRILUKI;8:22;MINSK DRUJNAY;9:04;пн вт ср чт пт
429;PRILUKI;8:32;MINSK DRUJNAY;9:14;пн вт ср чт пт
429;PRILUKI;8:41;MINSK DRUJNAY;9:23;пн вт ср чт пт
429;PRILUKI;8:47;MINSK DRUJNAY;9:21;сб вс
429;PRILUKI;8:51;MINSK DRUJNAY;9:33;пн вт ср чт пт
429;PRILUKI;9:01;MINSK DRUJNAY;9:43;пн вт ср чт пт
429;PRILUKI;9:20;MINSK DRUJNAY;9:53;сб вс
429;PRILUKI;9:22;MINSK DRUJNAY;9:59;пн вт ср чт пт
429;PRILUKI;9:34;MINSK DRUJNAY;10:11;пн вт ср чт пт
429;PRILUKI;9:40;MINSK DRUJNAY;10:13;сб вс
429;PRILUKI;9:45;MINSK DRUJNAY;10:22;пн вт ср чт пт
429;PRILUKI;9:56;MINSK DRUJNAY;10:33;пн вт ср чт пт
429;PRILUKI;10:18;MINSK DRUJNAY;10:51;сб вс
429;PRILUKI;10:23;MINSK DRUJNAY;11:00;пн вт ср чт пт
429;PRILUKI;10:38;MINSK DRUJNAY;11:15;пн вт ср чт пт
429;PRILUKI;10:53;MINSK DRUJNAY;11:30;пн вт ср чт пт
429;PRILUKI;10:56;MINSK DRUJNAY;11:29;сб вс
429;PRILUKI;11:23;MINSK DRUJNAY;12:00;пн вт ср чт пт
429;PRILUKI;11:36;MINSK DRUJNAY;12:09;сб вс
429;PRILUKI;11:38;MINSK DRUJNAY;12:15;пн вт ср чт пт
429;PRILUKI;11:53;MINSK DRUJNAY;12:30;пн вт ср чт пт
429;PRILUKI;11:56;MINSK DRUJNAY;12:29;сб вс
429;PRILUKI;12:23;MINSK DRUJNAY;13:00;пн вт ср чт пт
429;PRILUKI;12:33;MINSK DRUJNAY;13:06;сб вс
429;PRILUKI;12:48;MINSK DRUJNAY;13:25;пн вт ср чт пт
429;PRILUKI;13:06;MINSK DRUJNAY;13:39;сб вс
429;PRILUKI;13:11;MINSK DRUJNAY;13:48;пн вт ср чт пт
429;PRILUKI;13:45;MINSK DRUJNAY;14:22;пн вт ср чт пт
429;PRILUKI;13:46;MINSK DRUJNAY;14:19;сб вс
429;PRILUKI;14:06;MINSK DRUJNAY;14:39;сб вс
429;PRILUKI;14:17;MINSK DRUJNAY;14:53;пн вт ср чт пт
429;PRILUKI;14:36;MINSK DRUJNAY;15:09;сб вс
429;PRILUKI;14:53;MINSK DRUJNAY;15:29;пн вт ср чт пт
429;PRILUKI;15:05;MINSK DRUJNAY;15:41;пн вт ср чт пт
429;PRILUKI;15:06;MINSK DRUJNAY;15:39;сб вс
429;PRILUKI;15:31;MINSK DRUJNAY;16:07;пн вт ср чт пт
429;PRILUKI;15:41;MINSK DRUJNAY;16:14;сб вс
429;PRILUKI;15:46;MINSK DRUJNAY;16:22;пн вт ср чт пт
429;PRILUKI;16:03;MINSK DRUJNAY;16:36;сб вс
429;PRILUKI;16:05;MINSK DRUJNAY;16:41;пн вт ср чт пт
429;PRILUKI;16:15;MINSK DRUJNAY;16:51;пн вт ср чт пт
429;PRILUKI;16:25;MINSK DRUJNAY;17:01;пн вт ср чт пт
429;PRILUKI;16:34;MINSK DRUJNAY;17:10;пн вт ср чт пт
429;PRILUKI;16:37;MINSK DRUJNAY;17:10;сб вс
429;PRILUKI;16:52;MINSK DRUJNAY;17:28;пн вт ср чт пт
429;PRILUKI;17:08;MINSK DRUJNAY;17:44;пн вт ср чт пт
429;PRILUKI;17:08;MINSK DRUJNAY;17:41;сб вс
429;PRILUKI;17:16;MINSK DRUJNAY;17:52;пн вт ср чт пт
429;PRILUKI;17:28;MINSK DRUJNAY;18:01;сб вс
429;PRILUKI;17:31;MINSK DRUJNAY;18:07;пн вт ср чт пт
429;PRILUKI;17:44;MINSK DRUJNAY;18:20;пн вт ср чт пт
429;PRILUKI;17:57;MINSK DRUJNAY;18:33;пн вт ср чт пт
429;PRILUKI;18:03;MINSK DRUJNAY;18:36;сб вс
429;PRILUKI;18:15;MINSK DRUJNAY;18:51;пн вт ср чт пт
429;PRILUKI;18:25;MINSK DRUJNAY;19:01;пн вт ср чт пт
429;PRILUKI;18:31;MINSK DRUJNAY;19:02;сб вс
429;PRILUKI;18:35;MINSK DRUJNAY;19:11;пн вт ср чт пт
429;PRILUKI;18:53;MINSK DRUJNAY;19:29;пн вт ср чт пт
429;PRILUKI;19:01;MINSK DRUJNAY;19:32;сб вс
429;PRILUKI;19:16;MINSK DRUJNAY;19:52;пн вт ср чт пт
429;PRILUKI;19:28;MINSK DRUJNAY;19:59;сб вс
429;PRILUKI;19:39;MINSK DRUJNAY;20:15;пн вт ср чт пт
429;PRILUKI;19:56;MINSK DRUJNAY;20:32;пн вт ср чт пт
429;PRILUKI;20:08;MINSK DRUJNAY;20:39;сб вс
429;PRILUKI;20:28;MINSK DRUJNAY;20:59;сб вс
429;PRILUKI;20:31;MINSK DRUJNAY;21:02;пн вт ср чт пт
429;PRILUKI;20:59;MINSK DRUJNAY;21:30;пн вт ср чт пт
429;PRILUKI;21:25;MINSK DRUJNAY;21:56;пн вт ср чт пт
429;PRILUKI;21:34;MINSK DRUJNAY;22:05;сб вс
429;PRILUKI;21:34;MINSK DRUJNAY;22:05;сб вс
429;PRILUKI;21:56;MINSK DRUJNAY;22:27;пн вт ср чт пт
429;PRILUKI;22:24;MINSK DRUJNAY;22:55;пн вт ср чт пт
429;PRILUKI;22:34;MINSK DRUJNAY;23:05;сб вс
429;PRILUKI;22:50;MINSK DRUJNAY;23:21;пн вт ср чт пт
429;PRILUKI;23:04;MINSK DRUJNAY;23:35;сб вс
429;PRILUKI;23:19;MINSK DRUJNAY;23:50;пн вт ср чт пт
